latitude,longitude,distance_from_last_point_m,cumulative_distance_m
40.690090000000005,-74.20285000000001,0.0,0.0
40.689960000000006,-74.20293000000001,15.952,15.952
40.68994,-74.20294000000001,2.378,18.33
40.69067200338023,-74.20249801941688,89.52,107.85
40.69140400507494,-74.20205602912303,89.52,197.37
40.692136005084095,-74.201614029118,89.52,286.89
40.69286800340754,-74.20117201940137,89.52,376.41
40.6936,-74.20073000000001,89.52,465.929
40.69403000031218,-74.20048500155087,52.085,518.014
40.69446000000001,-74.20024000000001,52.085,570.099
40.69500666765798,-74.19990000558339,67.206,637.305
40.69555333431854,-74.19956000558726,67.206,704.511
40.6961,-74.19922000000001,67.206,771.717
40.696780000000004,-74.19884,82.119,853.836
40.697500000000005,-74.19839,88.594,942.43
40.698220000791295,-74.19797000452175,87.54,1029.97
40.69894,-74.19755,87.54,1117.511
40.699641670433266,-74.1971316887045,85.621,1203.132
40.70034333935665,-74.19671336859639,85.621,1288.754
40.701045006770066,-74.19629503967523,85.621,1374.375
40.70174667267349,-74.1958767019407,85.621,1459.997
40.702448337066784,-74.19545835539236,85.621,1545.618
40.70315,-74.19504,85.621,1631.239
40.703100000000006,-74.19489,13.813,1645.052
40.70357000046093,-74.19461500186179,57.172,1702.224
40.704040000000006,-74.19434000000001,57.172,1759.397
40.70470200270615,-74.1939440157448,80.826,1840.223
40.70536400405925,-74.19354802361754,80.826,1921.048
40.70602600405925,-74.19315202361791,80.826,2001.874
40.70668800270608,-74.19275601574556,80.826,2082.7
40.707350000000005,-74.19236000000001,80.826,2163.526
40.70774,-74.19211,48.215,2211.741
40.708090000000006,-74.19195,41.189,2252.93
40.70879000154638,-74.1915266755667,85.626,2338.555
40.709490001546406,-74.19110334223352,85.626,2424.181
40.710190000000004,-74.19068,85.626,2509.807
40.71060500018088,-74.19043500157304,50.556,2560.362
40.711020000000005,-74.19019,50.556,2610.918
40.71160500051319,-74.18983000319116,71.778,2682.696
40.71219000000001,-74.18947,71.778,2754.474
40.71247,-74.18933000000001,33.296,2787.77
40.71327000096094,-74.18884500586019,97.899,2885.668
40.71407000000001,-74.18836,97.899,2983.567
40.71459000025596,-74.18806000241946,63.108,3046.675
40.71511,-74.18776000000001,63.108,3109.783
40.715450000000004,-74.18754000000001,42.108,3151.891
40.71573,-74.18738,33.929,3185.821
40.715770000000006,-74.18754000000001,14.2,3200.02
40.71653500093132,-74.1870900051371,93.136,3293.156
40.7173,-74.18664000000001,93.136,3386.292
40.71803600342314,-74.18619601962321,89.988,3476.28
40.71877200514523,-74.18575202942895,89.988,3566.268
40.7195080051662,-74.18530802941682,89.988,3656.256
40.720244003485966,-74.1848640195863,89.988,3746.244
40.720980000000004,-74.18442,89.988,3836.232
40.72164,-74.18405,79.738,3915.971
40.722210000473865,-74.1837100029265,69.557,3985.527
40.72278,-74.18337000000001,69.557,4055.084
40.72310667105956,-74.18265667366487,70.236,4125.32
40.72343333772805,-74.18194334032763,70.236,4195.555
40.723760000000006,-74.18123,70.236,4265.791
40.723780000000005,-74.18114,7.904,4273.694
40.72373,-74.18097,15.367,4289.062
40.72433,-74.18057,74.749,4363.81
40.72442,-74.18049,12.066,4375.877
40.724880000198354,-74.1802300018498,55.645,4431.522
40.72534,-74.17997000000001,55.645,4487.166
40.725880000000004,-74.17963,66.531,4553.697
40.72567000196338,-74.17894999775133,61.878,4615.574
40.725460000000005,-74.17827000000001,61.878,4677.452
40.72623500093841,-74.17780500541178,94.666,4772.118
40.72701,-74.17734,94.666,4866.785
40.72742,-74.17710000000001,49.874,4916.659
40.72755,-74.17705000000001,15.057,4931.716
40.72758,-74.17698,6.777,4938.493
40.728185000392486,-74.17662500331623,73.624,5012.117
40.728790000000004,-74.17627,73.624,5085.741
40.729310000000005,-74.176,62.136,5147.877
40.7300250008467,-74.17557500452666,87.198,5235.075
40.730740000000004,-74.17515,87.198,5322.272
40.731480000000005,-74.17474,89.242,5411.515
40.73203000047841,-74.17440500277269,67.357,5478.872
40.732580000000006,-74.17407,67.357,5546.229
40.73315,-74.17374000000001,69.212,5615.441
40.733200000000004,-74.17376,5.81,5621.25
40.73331,-74.17370000000001,13.235,5634.485
40.73333,-74.17363,6.303,5640.789
40.73405333475043,-74.17322334218153,87.425,5728.214
40.73477666807366,-74.17281667552069,87.425,5815.64
40.7355,-74.17241,87.425,5903.065
40.735530000000004,-74.17234,6.776,5909.841
40.73555,-74.17237,3.367,5913.208
40.735730000000004,-74.17228,21.403,5934.611
40.73574,-74.17224,3.549,5938.16
40.735760000000006,-74.17224,2.224,5940.384
40.736450000000005,-74.17182000000001,84.492,6024.876
40.736540000000005,-74.17177000000001,10.858,6035.734
40.73657,-74.17179,3.737,6039.471
40.73733,-74.17134,92.624,6132.095
40.73743,-74.17129,11.891,6143.986
40.73744000000001,-74.17125,3.549,6147.534
40.737480000000005,-74.17125,4.448,6151.982
40.737950000000005,-74.17097000000001,57.339,6209.322
40.738690000000005,-74.17058,88.602,6297.924
40.738710000000005,-74.17056000000001,2.79,6300.714
40.738730000000004,-74.17057000000001,2.378,6303.092
40.73883,-74.17053,11.619,6314.711
40.73884,-74.17049,3.549,6318.26
40.738870000000006,-74.1705,3.441,6321.7
40.73951333436324,-74.17015000678482,77.375,6399.075
40.7401566676693,-74.16980000679978,77.375,6476.45
40.7408,-74.16945000000001,77.375,6553.824
40.741400000000006,-74.16923000000001,69.244,6623.068
40.741580000000006,-74.16922000000001,20.033,6643.101
40.74221,-74.16939,71.502,6714.603
40.742450000000005,-74.16947,27.525,6742.127
40.742580000000004,-74.16949000000001,14.553,6756.681
40.74293,-74.16961,40.21,6796.89
40.74364000027306,-74.16981999778271,80.906,6877.797
40.744350000000004,-74.17003000000001,80.906,6958.703
40.744440000000004,-74.17004,10.043,6968.746
40.744510000000005,-74.16977,24.041,6992.787
40.744710000000005,-74.16865,96.939,7089.726
40.74489000537544,-74.16753500295226,96.041,7185.767
40.745070000000005,-74.16642,96.041,7281.807
40.74515000197947,-74.16574000095338,57.972,7339.779
40.74523000000001,-74.16506000000001,57.972,7397.752
40.74539503704979,-74.163952519239,95.086,7492.837
40.74556006351396,-74.16284503298166,95.086,7587.923
40.74572507939246,-74.16173754122825,95.086,7683.008
40.745890084685136,-74.16063004397908,95.086,7778.094
40.74605507939189,-74.1595225412344,95.086,7873.179
40.74622006351261,-74.15841503299457,95.086,7968.265
40.746385037047176,-74.15730751925982,95.086,8063.35
40.746550000000006,-74.15620000000001,95.086,8158.436
40.747351667562015,-74.15640498764053,90.799,8249.234
40.74815333476133,-74.15660998022334,90.799,8340.033
40.74895500159796,-74.15681497774868,90.799,8430.832
40.749756668071896,-74.15701998021682,90.799,8521.63
40.7505583341831,-74.157224987628,90.799,8612.429
40.751360000000005,-74.15743,90.799,8703.227
40.751920000000005,-74.15759,63.711,8766.938
40.75224,-74.15753000000001,35.94,8802.878
40.752680000000005,-74.15732000000001,52.025,8854.903
40.753390000788585,-74.15690000446892,86.513,8941.416
40.7541,-74.15648,86.513,9027.929
40.75475,-74.15612,78.38,9106.309
40.75498,-74.15595,29.311,9135.619
40.75536000049951,-74.15557000229563,53.008,9188.628
40.75574,-74.15519,53.008,9241.636
40.756377505661185,-74.15452751908096,90.215,9331.851
40.75701500753427,-74.1538650254562,90.215,9422.066
40.75765250561913,-74.1532025191253,90.215,9512.281
40.75829,-74.15254,90.215,9602.496
40.75878,-74.15218,62.354,9664.85
40.75954600444563,-74.15167202342226,95.318,9760.168
40.760312006664016,-74.15116403513697,95.318,9855.485
40.76107800665503,-74.15065603514356,95.318,9950.803
40.76184400441858,-74.15014802344147,95.318,10046.121
40.76261,-74.14964,95.318,10141.438
40.76304000051813,-74.14935000177154,53.691,10195.129
40.763470000000005,-74.14906,53.691,10248.82
40.76384,-74.14879,47.008,10295.828
40.76431000041556,-74.14849000210421,58.049,10353.876
40.76478,-74.14819,58.049,10411.925
40.765376667484844,-74.14789000536602,70.994,10482.919
40.76597333419287,-74.1475900053453,70.994,10553.913
40.76657,-74.14729000000001,70.994,10624.907
40.767320000000005,-74.14688000000001,90.262,10715.169
40.76791,-74.1466,69.714,10784.883
40.76848500052548,-74.1462900026227,69.062,10853.944
40.76906,-74.14598000000001,69.061,10923.006
40.76964000081545,-74.14568333848375,69.163,10992.169
40.77022000087124,-74.14538667178863,69.163,11061.332
40.7708,-74.14509000000001,69.163,11130.494
40.77111,-74.14495000000001,36.431,11166.925
40.77180000116131,-74.1445833409484,82.704,11249.63
40.77249000116213,-74.14421667428141,82.704,11332.334
40.77318,-74.14385,82.704,11415.039
40.773905001774466,-74.14348001211178,86.427,11501.466
40.77463000236727,-74.1431100161486,86.427,11587.893
40.775355001778365,-74.14274001211017,86.427,11674.321
40.77608,-74.14237,86.427,11760.748
40.77675250156126,-74.14202001064227,80.376,11841.125
40.777425002065165,-74.14167001419852,80.376,11921.501
40.77809750151163,-74.14132001066845,80.376,12001.878
40.77877,-74.14097000000001,80.376,12082.254
40.77952500471821,-74.14036502064657,98.198,12180.452
40.780280006276975,-74.13976002754043,98.198,12278.651
40.78103500467618,-74.13915502068099,98.198,12376.849
40.78179,-74.13855000000001,98.198,12475.047
40.78249000422951,-74.13797751811299,91.553,12566.6
40.783190005629855,-74.13740502415881,91.553,12658.153
40.78389000420091,-74.13683251813698,91.553,12749.706
40.78459,-74.13626000000001,91.553,12841.259
40.7852,-74.13579,78.528,12919.786
40.78592875861013,-74.13525629099844,92.659,13012.445
40.786657514761295,-74.13472257028344,92.659,13105.104
40.787386268453396,-74.13418883785454,92.659,13197.762
40.788115019686316,-74.13365509371113,92.659,13290.421
40.78884376845991,-74.13312133785277,92.659,13383.08
40.789572514774115,-74.1325875702789,92.659,13475.738
40.79030125862876,-74.13205379098903,92.659,13568.397
40.791030000000006,-74.13152000000001,92.659,13661.056
40.79180724634005,-74.13094678076855,98.985,13760.041
40.792584489843506,-74.1303735481167,98.985,13859.027
40.79336173051023,-74.12980030204382,98.985,13958.012
40.794138968340064,-74.12922704254929,98.985,14056.997
40.794916203332896,-74.12865376963244,98.985,14155.983
40.79569343548854,-74.12808048329266,98.985,14254.968
40.79647066480689,-74.12750718352935,98.985,14353.954
40.79724789128776,-74.12693387034182,98.985,14452.939
40.79802511493106,-74.12636054372948,98.985,14551.924
40.79880233573661,-74.12578720369166,98.985,14650.91
40.799579553704255,-74.12521385022775,98.985,14749.895
40.800356768833886,-74.12464048333709,98.985,14848.881
40.801133981125325,-74.12406710301909,98.985,14947.866
40.80191119057846,-74.12349370927309,98.985,15046.851
40.80268839719311,-74.12292030209845,98.985,15145.837
40.80346560096917,-74.12234688149454,98.985,15244.822
40.80424280190646,-74.12177344746074,98.985,15343.807
40.805020000000006,-74.1212,98.985,15442.793
40.80572200446269,-74.12069202148977,89.001,15531.794
40.806424006697576,-74.12018403223264,89.001,15620.796
40.80712600670455,-74.11967603222813,89.001,15709.797
40.807828004483525,-74.11916802147577,89.001,15798.799
40.808530000000005,-74.11866,89.001,15887.8
40.80861,-74.11875,11.684,15899.484
40.809170001566386,-74.1183366735757,71.327,15970.811
40.80973000165783,-74.11792334017495,71.327,16042.138
40.81029,-74.11751000000001,71.327,16113.466
40.81101500119978,-74.11699500558822,91.529,16204.995
40.81174,-74.11648000000001,91.529,16296.524
40.811800000000005,-74.11642,8.367,16304.891
40.81239,-74.116,74.521,16379.412
40.812520000000006,-74.11590000000001,16.727,16396.139
40.81325500128066,-74.11537500575116,92.906,16489.045
40.813990000000004,-74.11485,92.906,16581.952
40.81472500136669,-74.11430000604778,93.925,16675.876
40.81546,-74.11375000000001,93.925,16769.801
40.81624,-74.11322000000001,97.528,16867.329
40.81627,-74.11316000000001,6.052,16873.381
40.81665,-74.11288,48.38,16921.761
40.8166,-74.11278,10.086,16931.847
40.817370002719024,-74.11222001299198,97.732,17029.579
40.818140002730544,-74.11166001298385,97.732,17127.311
40.81891,-74.11110000000001,97.732,17225.043
40.81961666907621,-74.11057001130456,90.352,17315.395
40.8203233357272,-74.1100400113165,90.352,17405.747
40.82103,-74.10951,90.352,17496.099
40.82174000233936,-74.10899001112934,90.263,17586.363
40.822450002344134,-74.10847001112603,90.263,17676.626
40.82316,-74.10795,90.263,17766.889
40.82383250329832,-74.10744501536551,86.008,17852.897
40.82450500439482,-74.10694002048989,86.008,17938.905
40.82517750328941,-74.1064350153727,86.008,18024.914
40.82585,-74.10593,86.008,18110.922
40.8263450004603,-74.10557000275928,62.826,18173.748
40.826840000000004,-74.10521,62.826,18236.573
40.826980000000006,-74.10517,15.927,18252.5
40.8273075094763,-74.10431501264534,80.631,18333.131
40.827635012640876,-74.10346001684553,80.631,18413.762
40.8279625094936,-74.10260501260055,80.631,18494.393
40.82829,-74.10175000000001,80.631,18575.024
40.82835,-74.10185000000001,10.738,18585.762
40.828480000000006,-74.10145,36.628,18622.39
40.828630000000004,-74.10114,30.96,18653.35
40.828630000000004,-74.101,11.779,18665.129
40.828700000000005,-74.10099000000001,7.829,18672.958
40.82896,-74.10074,35.753,18708.711
40.82923,-74.10042,40.327,18749.038
40.82985667473563,-74.09980836224456,86.625,18835.663
40.830483346241095,-74.09919671292788,86.625,18922.289
40.831110014516234,-74.09858505204954,86.625,19008.914
40.831736679560926,-74.09797337960917,86.625,19095.54
40.83236334137505,-74.09736169560631,86.625,19182.165
40.83299,-74.09675,86.625,19268.791
40.83315,-74.09658,22.827,19291.618
40.83287000113479,-74.09609999821305,50.992,19342.61
40.83259,-74.09562000000001,50.992,19393.602
40.83252,-74.09541,19.306,19412.909
40.832460000000005,-74.09511,26.107,19439.015
40.83288000076268,-74.09476000202234,55.21,19494.225
40.8333,-74.09441000000001,55.21,19549.435
40.834010000000006,-74.09386,91.509,19640.945
40.834585000949204,-74.09341000384426,74.305,19715.25
40.83516,-74.09296,74.305,19789.555
40.83556,-74.09268,50.331,19839.885
40.83620333433237,-74.09234000659855,77.042,19916.927
40.8368466676666,-74.09200000659817,77.042,19993.969
40.83749,-74.09166,77.042,20071.011
40.838010000000004,-74.09133,64.141,20135.152
40.83876,-74.09076,96.199,20231.351
40.83932666853627,-74.09029334132123,74.239,20305.591
40.83989333519212,-74.08982667466357,74.239,20379.83
40.84046,-74.08936,74.239,20454.069
40.84108500073351,-74.08893500403903,78.154,20532.223
40.841710000000006,-74.08851,78.154,20610.377
40.84233500074615,-74.08811500367898,77.032,20687.408
40.842960000000005,-74.08772,77.032,20764.44
40.843160000000005,-74.08758,25.165,20789.605
40.843865001714505,-74.08693500693592,95.337,20884.942
40.844570000000004,-74.08629,95.337,20980.279
40.845040000000004,-74.08569,72.653,21052.932
40.845310000000005,-74.08529,45.094,21098.026
40.84581333861159,-74.08450667859732,86.452,21184.478
40.84631667192471,-74.08372334529565,86.452,21270.93
40.84682,-74.08294000000001,86.452,21357.383
40.846366671706015,-74.08217332278302,81.852,21439.235
40.845913338336466,-74.08140665605525,81.852,21521.087
40.84546,-74.08064,81.852,21602.939
40.84534,-74.0805,17.797,21620.736
40.845130000000005,-74.08040000000001,24.82,21645.556
40.84498000000001,-74.08027000000001,19.944,21665.5
40.84489000000001,-74.0801,17.454,21682.954
40.84461667221836,-74.07929999347506,73.839,21756.793
40.84434333891024,-74.07849999354899,73.839,21830.632
40.84407,-74.07770000000001,73.839,21904.472
40.84391,-74.07731000000001,37.32,21941.792
40.843700000000005,-74.07693,39.586,21981.377
40.843430000000005,-74.07663000000001,39.22,22020.597
40.84299,-74.0762,60.845,22081.442
40.84272,-74.07586,41.465,22122.907
40.84228000723966,-74.07511248511712,79.672,22202.579
40.84184000965438,-74.07436498015899,79.672,22282.252
40.84140000724432,-74.07361748512544,79.672,22361.924
40.84096,-74.07287000000001,79.672,22441.596
40.84051,-74.07198000000001,90.051,22531.647
40.84026,-74.07136000000001,59.102,22590.749
40.840120000000006,-74.07088,43.276,22634.025
40.83995500583717,-74.06971999730698,99.293,22733.318
40.83979,-74.06856,99.293,22832.61
40.8396500102046,-74.06747332880714,92.731,22925.341
40.83951001021282,-74.06638666220438,92.731,23018.072
40.83937,-74.06530000000001,92.731,23110.802
40.8393,-74.06492,32.901,23143.703
40.83919,-74.06448,38.983,23182.686
40.838950000000004,-74.06382,61.603,23244.289
40.83879,-74.06347000000001,34.401,23278.691
40.83847,-74.06293000000001,57.704,23336.395
40.838135000816315,-74.06248999775076,52.514,23388.909
40.8378,-74.06205,52.514,23441.423
40.837230002011765,-74.06136499409317,85.662,23527.085
40.83666,-74.06068,85.662,23612.747
40.83700500108781,-74.06017500264754,57.241,23669.988
40.83735,-74.05967000000001,57.241,23727.23
40.837590000000006,-74.05942,33.978,23761.208
40.83775000000001,-74.05933,19.335,23780.543
40.838570000000004,-74.05901,95.071,23875.614
40.83881,-74.05888,28.841,23904.455
40.83901,-74.05873000000001,25.57,23930.024
40.83916000000001,-74.05856,21.971,23951.995
40.8393,-74.05834,24.184,23976.179
40.839725002337644,-74.05762000444786,76.824,24053.003
40.84015,-74.05690000000001,76.824,24129.827
40.84031,-74.05669,25.072,24154.899
40.841100000000004,-74.05614,99.284,24254.182
40.841440000000006,-74.05587000000001,44.104,24298.287
40.84188,-74.05547,59.38,24357.666
40.84223,-74.0552,45.061,24402.727
40.84241,-74.05501000000001,25.614,24428.341
40.84291,-74.05424000000001,85.361,24513.702
40.843070000000004,-74.05403000000001,25.072,24538.774
40.84353,-74.05347,69.537,24608.31
40.84391,-74.05311,51.985,24660.295
40.844410000085176,-74.05290000162854,58.336,24718.631
40.844910000000006,-74.05269000000001,58.336,24776.968
40.84539000002996,-74.0525200012649,55.256,24832.224
40.845870000000005,-74.05235,55.256,24887.48
40.84644,-74.05214000000001,65.797,24953.276
40.84695500013307,-74.05205500064378,57.71,25010.986
40.84747,-74.05197000000001,57.71,25068.696
40.84778,-74.05169000000001,41.748,25110.444
40.8485,-74.05099000000001,99.38,25209.824
40.848580000000005,-74.05095,9.511,25219.335
40.84924,-74.05077,74.934,25294.269
40.849450000000004,-74.05064,25.784,25320.053
40.84958,-74.05046,20.933,25340.986
40.849926670723924,-74.04977334054684,69.438,25410.424
40.85027333737629,-74.0490866739086,69.438,25479.862
40.850620000000006,-74.0484,69.438,25549.3
40.85082334339615,-74.04732000667835,93.61,25642.91
40.85102667672017,-74.046240006728,93.61,25736.52
40.85123,-74.04516000000001,93.61,25830.129
40.85126,-74.04495,17.975,25848.104
40.851240000000004,-74.04464,26.168,25874.273
40.85116,-74.04400000000001,54.56,25928.833
40.851130000000005,-74.04381000000001,16.325,25945.158
40.85193500047779,-74.04348500393992,93.593,26038.751
40.852740000000004,-74.04316,93.593,26132.343
40.85236801349719,-74.04227598014877,85.083,26217.427
40.851996020246,-74.04139197022414,85.083,26302.51
40.85162402024661,-74.04050797022606,85.083,26387.594
40.85125201349918,-74.03962398015442,85.083,26472.677
40.850880000000004,-74.03874,85.083,26557.761
40.850675003560454,-74.03783499730685,79.459,26637.22
40.85047,-74.03693000000001,79.459,26716.679
40.85028500366595,-74.03600499727575,80.476,26797.155
40.850100000000005,-74.03508000000001,80.476,26877.63
40.849940005111215,-74.0343099962399,67.164,26944.795
40.84978000510257,-74.03353999619836,67.164,27011.959
40.84962,-74.03277,67.164,27079.123
40.84969,-74.03274,8.182,27087.306
40.84977000000001,-74.03274,8.896,27096.202
40.84989,-74.03279,13.99,27110.192
40.85054,-74.0331,76.836,27187.028
40.85117500026175,-74.03333499775646,73.323,27260.351
40.85181,-74.03357000000001,73.323,27333.674
40.8522,-74.03364,43.764,27377.438
40.85226,-74.03366000000001,6.88,27384.319
40.85246,-74.03358,23.235,27407.553
40.852560000000004,-74.03349,13.452,27421.005
40.85262,-74.03335000000001,13.534,27434.539
40.85267,-74.033,29.958,27464.496
40.85262,-74.03287,12.266,27476.763
40.85220333942212,-74.03202998942619,84.487,27561.25
40.85178667275107,-74.0311899894175,84.487,27645.737
40.85137,-74.03035000000001,84.487,27730.225
40.851153341020094,-74.02940666050765,82.92,27813.145
40.850936674355786,-74.02846332718468,82.92,27896.065
40.85072,-74.02752000000001,82.92,27978.985
40.850590000000004,-74.02691,53.304,28032.29
40.8506,-74.02679,10.154,28042.444
40.85052,-74.02651,25.175,28067.619
40.85051,-74.02641000000001,8.484,28076.103
40.85052,-74.02629,10.154,28086.257
40.850640000000006,-74.02615,17.796,28104.053
40.85094,-74.02607,34.03,28138.084
40.851670000000006,-74.02593,82.022,28220.106
40.852380000000004,-74.02589,79.02,28299.126
40.852180005642644,-74.02508332855822,71.399,28370.525
40.85198000566615,-74.02427666198643,71.399,28441.923
40.851780000000005,-74.02347,71.399,28513.322
40.851580002342004,-74.02273499781629,65.698,28579.021
40.851380000000006,-74.022,65.698,28644.719
40.85123000162962,-74.021379998472,54.75,28699.469
40.85108,-74.02076000000001,54.75,28754.219
40.85047,-74.02105,72.081,28826.3
40.850190000000005,-74.02024,74.906,28901.207
40.849923338651074,-74.01945999390915,71.996,28973.203
40.84965667204842,-74.01867999409649,71.996,29045.199
40.84939000000001,-74.01790000000001,71.996,29117.195
40.84902751381587,-74.01686748307598,95.744,29212.939
40.84866501842592,-74.01583497744862,95.744,29308.683
40.84830251383039,-74.01480248311793,95.744,29404.428
40.84794,-74.01377000000001,95.744,29500.172
40.848580000000005,-74.01339,78.013,29578.185
40.84879,-74.01329000000001,24.82,29603.005
40.849180000000004,-74.01317,44.525,29647.53
40.84966,-74.01313,53.48,29701.009
40.850260000000006,-74.01312,66.722,29767.732
40.85076,-74.01299,56.662,29824.394
40.85138000051696,-74.01269500269325,73.27,29897.664
40.852000000000004,-74.0124,73.27,29970.934
40.85211,-74.01235000000001,12.934,29983.868
40.852705000394536,-74.01206500253845,70.369,30054.238
40.853300000000004,-74.01178,70.369,30124.607
40.853410000000004,-74.01169,14.384,30138.991
40.8537,-74.01155,34.329,30173.32
40.85380000000001,-74.01151,11.617,30184.938
40.8539,-74.01151,11.119,30196.057
40.854000000000006,-74.01126000000001,23.786,30219.843
40.854400000000005,-74.0112,44.763,30264.606
40.85445,-74.01096000000001,20.937,30285.543
40.8547,-74.01021,68.932,30354.475
40.85479,-74.00972,42.409,30396.884
40.85486,-74.00909,53.554,30450.439
40.85492,-74.00890000000001,17.317,30467.755
40.854960000000005,-74.00882,8.066,30475.821
40.85511,-74.00865,21.969,30497.79
40.85531,-74.00851,25.164,30522.953
40.855520000000006,-74.00841000000001,24.819,30547.773
40.855810000000005,-74.00828,34.05,30581.822
40.85605,-74.00823000000001,27.016,30608.838
40.85625,-74.00819,22.492,30631.33
40.85689,-74.00823000000001,71.244,30702.575
40.857440000000004,-74.00842,63.21,30765.785
40.85779,-74.0086,41.759,30807.544
40.857890000000005,-74.0086,11.119,30818.663
40.85799,-74.00855,11.888,30830.551
40.858320000000006,-74.00828,43.152,30873.703
40.858760000000004,-74.00797,55.438,30929.142
40.859080000000006,-74.00757,48.967,30978.108
40.85927,-74.0074,25.51,31003.618
40.85953000000001,-74.00727,30.909,31034.527
40.859770000000005,-74.00721,27.16,31061.686
40.86012,-74.00720000000001,38.927,31100.614
40.86025,-74.00717,14.674,31115.288
40.860510000000005,-74.00707000000001,30.109,31145.397
40.86063,-74.00699,14.944,31160.34
40.860870000000006,-74.00677,32.473,31192.813
40.86101,-74.00662000000001,20.037,31212.85
40.86148,-74.00615,65.525,31278.375
40.86175,-74.00573,46.356,31324.731
40.86211,-74.00528,55.086,31379.817
40.862210000000005,-74.00506,21.585,31401.402
40.862260000000006,-74.00498,8.728,31410.13
40.86234,-74.00497,8.935,31419.065
40.862590000000004,-74.00502,28.115,31447.18
40.86283,-74.00497,27.016,31474.196
40.86294,-74.00488,14.384,31488.58
40.863080000000004,-74.00488,15.567,31504.147
40.863150000000005,-74.00484,8.479,31512.626
40.86343,-74.00453,40.607,31553.234
40.86354,-74.00457,12.686,31565.919
40.863890000000005,-74.00453,39.063,31604.983
40.86404,-74.00456000000001,16.869,31621.852
40.86415,-74.00461,12.934,31634.785
40.864290000000004,-74.00479,21.713,31656.499
40.86431,-74.00487000000001,7.085,31663.584
40.86441000000001,-74.00488,11.151,31674.735
40.86451,-74.00498,13.941,31688.677
40.86453,-74.00506,7.085,31695.762
40.86495,-74.00510000000001,46.823,31742.585
40.865170000000006,-74.00502,25.371,31767.956
40.865370000000006,-74.00484,26.901,31794.857
40.865500000000004,-74.00482000000001,14.553,31809.41
40.865680000000005,-74.00466,24.117,31833.527
40.86576,-74.00462,9.51,31843.037
40.86582000000001,-74.00461,6.724,31849.762
40.86600000000001,-74.0047,21.398,31871.16
40.86614,-74.00466,15.927,31887.086
40.86621,-74.00461,8.847,31895.933
40.866350000000004,-74.00435,26.839,31922.772
40.86643,-74.00417,17.557,31940.329
40.86639,-74.00381,30.597,31970.926
40.866400000000006,-74.00368,10.988,31981.914
40.866460000000004,-74.00345,20.459,32002.373
40.866490000000006,-74.00322000000001,19.626,32022.0
40.866460000000004,-74.00256,55.599,32077.599
40.866530000000004,-74.00232000000001,21.63,32099.229
40.866530000000004,-74.00224,6.727,32105.957
40.866460000000004,-74.00202,20.07,32126.027
40.866510000000005,-74.00188,13.019,32139.046
40.866510000000005,-74.00149,32.795,32171.841
40.86647000000001,-74.00082,56.515,32228.357
40.866490000000006,-74.00068,11.981,32240.337
40.86665,-74.00036,32.258,32272.596
40.866690000000006,-74.00004000000001,27.274,32299.87
40.86668,-73.99953000000001,42.9,32342.77
40.866640000000004,-73.99933,17.396,32360.166
40.86639000152708,-73.99872499758679,57.974,32418.14
40.86614,-73.99812,57.974,32476.113
40.86556,-73.99723,98.795,32574.908
40.865300000000005,-73.99692,38.928,32613.836
40.86525,-73.99678,13.02,32626.856
40.86538,-73.99659000000001,21.546,32648.402
40.86543,-73.99638,18.514,32666.915
40.86542,-73.99619000000001,16.016,32682.931
40.865320000000004,-73.99575,38.635,32721.566
40.86531,-73.99557,15.177,32736.743
40.86542,-73.99551000000001,13.231,32749.975
40.86524,-73.995,47.327,32797.302
40.86488000000001,-73.99407000000001,87.855,32885.156
40.864830000000005,-73.99389000000001,16.125,32901.282
40.86451000268161,-73.99309999615018,75.362,32976.644
40.86419,-73.99231,75.362,33052.006
40.86388,-73.99161000000001,68.215,33120.221
40.863600000000005,-73.99109,53.68,33173.9
40.86309000318494,-73.99021999315855,92.567,33266.467
40.86258,-73.98935,92.567,33359.034
40.8621250024228,-73.98860499492507,80.529,33439.563
40.861670000000004,-73.98786000000001,80.529,33520.091
40.86116500336009,-73.986979993319,92.897,33612.989
40.86066,-73.98610000000001,92.897,33705.886
40.860200000000006,-73.98536,80.555,33786.441
40.860060000000004,-73.98503000000001,31.82,33818.261
40.86000000000001,-73.98476000000001,23.666,33841.927
40.85986000303536,-73.98391999815675,72.337,33914.265
40.85972,-73.98308,72.337,33986.602
40.85963,-73.98272,31.887,34018.489
40.85938,-73.98213000000001,56.875,34075.363
40.859260000000006,-73.98192,22.135,34097.498
40.85907,-73.98169,28.644,34126.142
40.85846,-73.98110000000001,84.04,34210.183
40.85811000075684,-73.98065999757577,53.702,34263.885
40.857760000000006,-73.98022,53.702,34317.587
40.8573500006649,-73.97979999730138,57.673,34375.26
40.85694,-73.97938,57.673,34432.932
40.85631,-73.97878,86.335,34519.267
40.856120000000004,-73.97856,28.084,34547.351
40.855713336509055,-73.97794999245463,68.387,34615.738
40.85530666980482,-73.97733999239833,68.387,34684.125
40.8549,-73.97673,68.387,34752.512
40.8544266716464,-73.97596998912724,82.8,34835.313
40.853953338304905,-73.9752099891143,82.8,34918.113
40.853480000000005,-73.97445,82.8,35000.914
40.853320000000004,-73.97425000000001,24.484,35025.398
40.85302,-73.97375000000001,53.677,35079.076
40.85256000220626,-73.97303499503423,78.948,35158.023
40.8521,-73.97232000000001,78.948,35236.971
40.85168,-73.97174000000001,67.534,35304.504
40.85145,-73.97137000000001,40.281,35344.785
40.85136000000001,-73.97121,16.771,35361.556
40.85128,-73.9709,27.549,35389.105
40.85112,-73.96976000000001,97.521,35486.626
40.851015004133686,-73.96877999832579,83.25,35569.876
40.850910000000006,-73.96780000000001,83.25,35653.126
40.85078,-73.96671,92.812,35745.938
40.850720001853304,-73.96605499941705,55.494,35801.432
40.850660000000005,-73.9654,55.494,35856.927
40.850730000000006,-73.96534000000001,9.276,35866.203
40.85122000016138,-73.96507500203647,58.868,35925.071
40.851710000000004,-73.96481,58.868,35983.939
40.8517,-73.96474,5.992,35989.931
40.85175,-73.96472,5.809,35995.74
40.85173,-73.96469,3.363,35999.103
40.85172,-73.9646,7.651,36006.754
40.85174000000001,-73.9645,8.7,36015.454
40.851780000000005,-73.96445,6.121,36021.575
40.851760000000006,-73.96419,21.981,36043.556
40.85242,-73.96408000000001,73.97,36117.526
40.85248,-73.96406,6.88,36124.406
40.852650000000004,-73.96403000000001,19.071,36143.477
40.85271,-73.96406,7.133,36150.61
40.852790000000006,-73.96405,8.935,36159.545
40.853530000000006,-73.96367000000001,88.273,36247.818
40.8536,-73.9636,9.759,36257.578
40.854000000000006,-73.96342,46.984,36304.562
40.853840000000005,-73.96283000000001,52.715,36357.277
40.85383,-73.96258,21.056,36378.333
40.853790000000004,-73.96253,6.121,36384.454
40.853790000000004,-73.96248,4.205,36388.659
40.853820000000006,-73.96244,4.738,36393.397
40.853880000000004,-73.96242000000001,6.88,36400.277
40.853770000000004,-73.96221000000001,21.484,36421.761
40.85357000261314,-73.96143499773729,68.872,36490.633
40.853370000000005,-73.96066,68.872,36559.504
40.85315407349917,-73.9595572830143,95.803,36655.307
40.85293813649791,-73.9584545732165,95.803,36751.11
40.85272218899638,-73.95735187060681,95.803,36846.913
40.85250623099473,-73.95624917518549,95.803,36942.716
40.85229026249309,-73.95514648695278,95.803,37038.52
40.85207428349163,-73.95404380590897,95.803,37134.323
40.8518582939905,-73.95294113205426,95.803,37230.126
40.851642293989826,-73.95183846538893,95.803,37325.929
40.85142628348977,-73.95073580591321,95.803,37421.732
40.85121026249047,-73.94963315362733,95.803,37517.535
40.85099423099209,-73.94853050853158,95.803,37613.338
40.85077818899478,-73.9474278706262,95.803,37709.141
40.85056213649868,-73.9463252399114,95.803,37804.944
40.85034607350393,-73.94522261638745,95.803,37900.747
40.85013,-73.94412000000001,95.803,37996.55
40.85009,-73.94358000000001,45.637,38042.187
40.849945002650244,-73.942799998419,67.558,38109.745
40.8498,-73.94202,67.558,38177.304
40.8498,-73.94157000000001,37.85,38215.154
40.84987,-73.94135,20.075,38235.228
40.84995000000001,-73.94126,11.681,38246.909
40.85,-73.94122,6.498,38253.407
40.85007,-73.94122,7.784,38261.191
40.850170000000006,-73.94126,11.617,38272.808
40.85023,-73.94135,10.09,38282.899
40.85034,-73.94157000000001,22.181,38305.08
40.850410000000004,-73.94162,8.847,38313.927
40.85051,-73.94162,11.119,38325.047
40.85056,-73.94158,6.498,38331.545
40.8506,-73.94153,6.121,38337.666
40.850620000000006,-73.94135,15.302,38352.969
40.85047,-73.94105,30.247,38383.216
40.8504,-73.94069,31.264,38414.48
40.85123,-73.94040000000001,95.461,38509.941
40.85123,-73.9409,42.055,38551.995
40.851290000000006,-73.94118,24.477,38576.472
40.85136000000001,-73.94113,8.847,38585.32
40.85137,-73.94122,7.651,38592.971
40.851440000000004,-73.94129000000001,9.76,38602.73
40.851560000000006,-73.94149,21.471,38624.201
40.85183000000001,-73.94185,42.64,38666.842
40.85239000000001,-73.94130000000001,77.572,38744.413
40.85253,-73.94163,31.823,38776.236
40.852700000000006,-73.94152000000001,21.046,38797.282
40.85271,-73.94153,1.394,38798.676
40.852320000000006,-73.94185,51.039,38849.715
40.85231,-73.94182,2.757,38852.473
40.85189500091727,-73.9422800028772,60.219,38912.692
40.85148,-73.94274,60.219,38972.911
40.851040000000005,-73.9431,57.537,39030.448
40.85092,-73.94328,20.181,39050.629
40.85079,-73.94355,26.92,39077.549
40.85078,-73.94362000000001,5.992,39083.541
40.85079,-73.94373,9.319,39092.859
40.8509,-73.94377,12.686,39105.545
40.850970000000004,-73.94369,10.289,39115.834
40.85108,-73.9435,20.124,39135.958
40.85123,-73.94337,19.944,39155.902
40.8513,-73.94332,8.847,39164.749
40.851380000000006,-73.94333,8.935,39173.685
40.8515,-73.94346,17.251,39190.936
40.85154,-73.94351,6.121,39197.057
40.85155,-73.94359,6.82,39203.877
40.851530000000004,-73.94382,19.472,39223.349
40.85136000000001,-73.94458,66.659,39290.008
40.8513,-73.94493,30.185,39320.193
40.85125,-73.94509000000001,14.561,39334.754
40.851200000000006,-73.94517,8.728,39343.482
40.85069,-73.94566,70.104,39413.586
40.850170000000006,-73.94605,66.478,39480.064
40.84977000000001,-73.94626000000001,47.857,39527.921
40.849270000000004,-73.94646,58.087,39586.007
40.84901,-73.9465,29.106,39615.113
40.848234999935976,-73.94652000023562,86.192,39701.306
40.847460000000005,-73.94654000000001,86.192,39787.498
40.84736,-73.94654000000001,11.119,39798.618
40.847240000000006,-73.94635000000001,20.82,39819.437
40.84704,-73.94631000000001,22.492,39841.929
40.84695000000001,-73.94633,10.148,39852.077
40.84673,-73.9461,31.188,39883.266
40.8466,-73.94605,15.055,39898.32
40.84622,-73.94601,42.388,39940.708
40.84606,-73.94600000000001,17.811,39958.519
40.84539,-73.94601,74.505,40033.025
40.84508,-73.94605,34.634,40067.659
40.84463,-73.94601,50.151,40117.81
40.84441,-73.94601,24.463,40142.273
40.843680000000006,-73.9461,81.525,40223.797
40.842830000000006,-73.94602,94.755,40318.552
40.84243,-73.94614,45.609,40364.161
40.84189000000001,-73.94636000000001,62.833,40426.994
40.841460000000005,-73.94655,50.414,40477.408
40.84084,-73.94691,75.299,40552.707
40.84040500027947,-73.94718000179384,53.437,40606.144
40.83997,-73.94745,53.437,40659.581
40.83952,-73.94782000000001,58.929,40718.51
40.838840000000005,-73.94825,83.82,40802.33
40.83823,-73.94851000000001,71.268,40873.598
40.83818,-73.9486,9.393,40882.992
40.83804000000001,-73.94874,19.521,40902.512
40.83791,-73.94892,20.935,40923.447
40.8378,-73.94901,14.385,40937.832
40.837540000000004,-73.94897,29.106,40966.938
40.837360000000004,-73.94901,20.296,40987.234
40.837030000000006,-73.94922000000001,40.726,41027.959
40.83677,-73.94923,28.923,41056.882
40.83662,-73.94932,18.317,41075.2
40.83653,-73.94941,12.549,41087.749
40.83641,-73.94946,13.991,41101.739
40.836220000000004,-73.94946,21.127,41122.866
40.83579,-73.9496,49.243,41172.11
40.83549,-73.94967000000001,33.874,41205.984
40.835100000000004,-73.94985000000001,45.934,41251.918
40.83475000000001,-73.9499,39.145,41291.063
40.83451,-73.95003000000001,28.841,41319.904
40.8344,-73.94999,12.686,41332.59
40.83386,-73.95035,67.251,41399.841
40.83362,-73.95057,32.477,41432.318
40.8333,-73.95075,38.671,41470.989
40.83317,-73.9508,15.055,41486.044
40.83281,-73.95081,40.039,41526.083
40.83269000000001,-73.9509,15.342,41541.425
40.832260000000005,-73.95134,60.469,41601.894
40.832150000000006,-73.95139,12.935,41614.829
40.83193,-73.95138,24.477,41639.306
40.83187,-73.95139,6.725,41646.031
40.83153,-73.95169,45.457,41691.488
40.83111,-73.95196,51.934,41743.422
40.83046000093399,-73.95241000436997,81.593,41825.014
40.82981,-73.95286,81.593,41906.607
40.8293,-73.95317,62.42,41969.027
40.828610000000005,-73.95366,87.1,42056.127
40.828480000000006,-73.95372,15.311,42071.438
40.828320000000005,-73.95375,17.969,42089.407
40.828050000000005,-73.95368,30.595,42120.002
40.82768,-73.9534,47.41,42167.412
40.827470000000005,-73.95304,38.246,42205.658
40.82737,-73.95296,12.998,42218.656
40.82726,-73.95296,12.231,42230.888
40.82681000059171,-73.95333500255748,59.155,42290.043
40.82636,-73.95371,59.155,42349.198
40.82571,-73.95429,87.21,42436.408
40.82555000000001,-73.95451,25.675,42462.082
40.825010000000006,-73.95505,75.299,42537.381
40.824490001089075,-73.95556000403192,72.006,42609.387
40.82397,-73.95607000000001,72.006,42681.393
40.823510000000006,-73.95648,61.697,42743.089
40.82287,-73.95716,91.315,42834.404
40.82267,-73.95742,31.196,42865.6
40.82244,-73.95765,32.072,42897.672
40.82168,-73.95823,97.589,42995.261
40.82162,-73.95832,10.093,43005.354
40.821600000000004,-73.9586,23.666,43029.02
40.821580000000004,-73.95868,7.09,43036.109
40.8215,-73.95881,14.099,43050.209
40.821180000000005,-73.95906000000001,41.336,43091.544
40.82076500040207,-73.95940500225147,54.518,43146.063
40.820350000000005,-73.95975,54.518,43200.581
40.8203,-73.95974000000001,5.623,43206.204
40.819840000000006,-73.96045000000001,78.65,43284.854
40.81917000000001,-73.96081000000001,80.424,43365.278
40.819100000000006,-73.9608,7.829,43373.107
40.818670000000004,-73.96119,57.993,43431.1
40.818090000000005,-73.96064000000001,79.382,43510.482
40.81795,-73.96054000000001,17.696,43528.178
40.817260000000005,-73.95993,92.313,43620.491
40.81720000000001,-73.95982000000001,11.41,43631.902
40.81707,-73.95970000000001,17.633,43649.535
40.81702000000001,-73.95970000000001,5.56,43655.095
40.81698,-73.95961000000001,8.783,43663.878
40.8163050014843,-73.95902499405372,89.761,43753.639
40.815630000000006,-73.95844000000001,89.761,43843.4
40.814993336076824,-73.95787998928344,85.046,43928.446
40.81435666944605,-73.95731998931518,85.046,44013.491
40.81372,-73.95676,85.046,44098.537
40.81333,-73.95643000000001,51.496,44150.033
40.81315,-73.95631,22.419,44172.452
40.813140000000004,-73.95628,2.759,44175.211
40.8128,-73.95596,46.417,44221.628
40.812210002282065,-73.95544665754333,78.552,44300.18
40.81162000228903,-73.9549333242162,78.552,44378.732
40.81103,-73.95442000000001,78.552,44457.283
40.81050666809789,-73.95481333946604,66.949,44524.232
40.80998333486005,-73.95520667272753,66.949,44591.181
40.80946,-73.9556,66.949,44658.13
40.808875000820656,-73.95602000366023,74.033,44732.163
40.80829000000001,-73.95644,74.033,44806.196
40.80766250279653,-73.95690501319372,80.001,44886.197
40.80703500372624,-73.95737001759318,80.001,44966.198
40.806407502789206,-73.95783501319875,80.001,45046.2
40.805780000000006,-73.95830000000001,80.001,45126.201
40.80557,-73.95839000000001,24.549,45150.75
40.80529000000001,-73.95845,31.541,45182.291
40.80456000006674,-73.95838999934425,81.329,45263.621
40.803830000000005,-73.95833,81.329,45344.95
40.80348,-73.95832,38.927,45383.877
40.80322,-73.95835000000001,29.021,45412.898
40.8031,-73.95840000000001,13.991,45426.889
40.80257,-73.95876000000001,66.267,45493.156
40.80183000107325,-73.95929500608204,93.801,45586.957
40.80109,-73.95983000000001,93.801,45680.758
40.80084500129481,-73.95925499756702,55.54,45736.297
40.8006,-73.95868,55.54,45791.837
40.80050000000001,-73.95868,11.119,45802.957
40.80042,-73.95863,9.841,45812.798
40.80035,-73.95853000000001,11.465,45824.262
40.80024,-73.95825,26.553,45850.816
40.800230000000006,-73.9582,4.353,45855.169
40.800250000000005,-73.95801,16.147,45871.316
40.79983,-73.95785000000001,48.605,45919.921
40.79972,-73.95783,12.347,45932.268
40.79961,-73.95787,12.686,45944.954
40.799530000000004,-73.95794000000001,10.67,45955.624
40.79943,-73.95814,20.176,45975.8
40.79927,-73.95833,23.923,45999.723
40.79907,-73.95849000000001,25.999,46025.722
40.798930000000006,-73.95852000000001,15.771,46041.493
40.79876,-73.95853000000001,18.922,46060.415
40.798640000000006,-73.9585,13.58,46073.995
40.79853000000001,-73.95845,12.935,46086.93
40.798370000000006,-73.95828,22.832,46109.762
40.79829,-73.95813000000001,15.445,46125.207
40.79813,-73.95745000000001,59.941,46185.148
40.79798,-73.95721,26.198,46211.346
40.79784,-73.95711,17.697,46229.044
40.797650000000004,-73.95706000000001,21.542,46250.586
40.79724,-73.95704,45.621,46296.207
40.79708,-73.95702,17.871,46314.078
40.79697,-73.95693,14.388,46328.465
40.79674000000001,-73.95682000000001,27.199,46355.665
40.796510000000005,-73.9568,25.63,46381.295
40.7963,-73.95685,23.727,46405.022
40.79616,-73.95693,16.961,46421.984
40.79605,-73.95702,14.388,46436.371
40.79583,-73.95725,31.198,46467.569
40.79571000000001,-73.95742,19.566,46487.135
40.79552,-73.95782000000001,39.751,46526.886
40.79545,-73.95801,17.788,46544.674
40.79533,-73.95849000000001,42.553,46587.226
40.79524000000001,-73.95872,21.795,46609.021
40.79516,-73.95885000000001,14.103,46623.124
40.79502,-73.959,20.045,46643.168
40.79491,-73.95909,14.388,46657.556
40.79457,-73.95924000000001,39.859,46697.415
40.79439,-73.95935,22.053,46719.469
40.79381,-73.9585,96.329,46815.798
40.79368,-73.95814,33.576,46849.375
40.79363,-73.95787,23.399,46872.774
40.79363,-73.95747,33.673,46906.447
40.79368,-73.95725,19.337,46925.783
40.793940000000006,-73.95670000000001,54.585,46980.368
40.794380000000004,-73.956,76.591,47056.959
40.79446,-73.95578,20.545,47077.504
40.794470000000004,-73.95559,16.033,47093.537
40.79444,-73.95530000000001,24.639,47118.177
40.794320000000006,-73.95479,44.958,47163.135
40.79404,-73.95487,31.855,47194.99
40.7935900004039,-73.95496500056686,50.673,47245.662
40.79314,-73.95506,50.673,47296.335
40.792930000000005,-73.95505,23.366,47319.701
40.79271000000001,-73.95500000000001,24.822,47344.524
40.79271000000001,-73.95495000000001,4.209,47348.733
40.7926,-73.95487,13.963,47362.696
40.792550000000006,-73.95465,19.337,47382.032
40.79251,-73.95434,26.473,47408.506
40.79245,-73.95416,16.557,47425.062
40.792350000000006,-73.95398,18.795,47443.858
40.79211,-73.95373000000001,33.987,47477.845
40.792010000000005,-73.95363,13.947,47491.791
40.79195,-73.95354,10.095,47501.887
40.79152000444455,-73.95251999328488,98.283,47600.17
40.791090000000004,-73.95150000000001,98.283,47698.453
40.79115,-73.95145000000001,7.889,47706.341
40.79108,-73.95122,20.869,47727.21
40.79080000182264,-73.95056999725671,62.958,47790.168
40.79052,-73.94992,62.958,47853.126
40.79046,-73.94982,10.742,47863.868
40.79002904073515,-73.94879594018418,98.635,47962.503
40.78959807241743,-73.94777189366118,98.635,48061.138
40.78916709504711,-73.94674786043092,98.635,48159.773
40.78873610862444,-73.94572384049332,98.635,48258.408
40.78830511314966,-73.94469983384825,98.635,48357.043
40.78787410862304,-73.94367584049563,98.635,48455.678
40.787443095044864,-73.94265186043539,98.635,48554.313
40.78701207241533,-73.9416278936674,98.635,48652.948
40.786581040734724,-73.94060394019158,98.635,48751.583
40.786150000000006,-73.93958,98.635,48850.218
40.78643,-73.93934,37.117,48887.334
40.78649,-73.93933000000001,6.725,48894.059
40.78676,-73.93908,36.666,48930.724
40.78678,-73.93912,4.036,48934.76
40.786500000000004,-73.93937000000001,37.582,48972.342
40.78632,-73.93902,35.622,49007.963
40.78676,-73.93862,59.396,49067.359
40.78631000851358,-73.93762665319571,97.457,49164.816
40.785860008509346,-73.93663331985324,97.457,49262.272
40.785410000000006,-73.93564,97.457,49359.729
40.785250000000005,-73.93533000000001,31.587,49391.316
40.78526,-73.93529000000001,3.547,49394.862
40.78524,-73.93522,6.299,49401.161
40.785540000000005,-73.93513,34.208,49435.37
40.78569,-73.93503000000001,18.684,49454.053
40.78602,-73.93504,36.704,49490.757
40.78622,-73.93499,22.634,49513.391
40.786500000000004,-73.93472000000001,38.55,49551.941
40.78690000046528,-73.9343450023916,54.544,49606.485
40.7873,-73.93397,54.544,49661.029
40.787650000000006,-73.93383,40.664,49701.693
40.78814500092906,-73.93336500347016,67.543,49769.236
40.78864,-73.9329,67.543,49836.78
40.789,-73.93253,50.722,49887.502
40.7894,-73.93225000000001,50.338,49937.84
40.789795000522176,-73.93188000226537,53.846,49991.686
40.79019,-73.93151,53.846,50045.533
40.790330000000004,-73.93137,19.526,50065.058
40.79037,-73.93128,8.786,50073.844
40.790420000000005,-73.93106,19.337,50093.182
40.79061,-73.93082000000001,29.233,50122.415
40.791030000000006,-73.93006000000001,79.213,50201.627
40.791180000000004,-73.9295,50.007,50251.635
40.79111,-73.92926,21.652,50273.287
40.790890000000005,-73.92877,47.959,50321.246
40.79074000000001,-73.92817000000001,53.194,50374.44
40.790710000000004,-73.92806,9.843,50384.283
40.790710000000004,-73.92779,22.73,50407.013
40.79074000000001,-73.92762,14.695,50421.708
40.79075,-73.92725,31.169,50452.877
40.790670000000006,-73.92676,42.199,50495.076
40.79059,-73.92653,21.308,50516.384
40.79048,-73.92630000000001,22.903,50539.287
40.79023,-73.92599000000001,38.13,50577.416
40.790060000000004,-73.92591,20.067,50597.483
40.78954,-73.92649,75.68,50673.164
40.78949,-73.92658,9.398,50682.562
40.789480000000005,-73.92656000000001,2.018,50684.579
40.78931,-73.92673,23.71,50708.289
40.789260000000006,-73.92676,6.107,50714.396
40.78871,-73.92725,73.77,50788.165
40.78830500067088,-73.9276300022729,55.241,50843.406
40.7879,-73.92801,55.241,50898.647
40.7879,-73.92806,4.209,50902.856
40.78723500149433,-73.928645005843,88.845,50991.701
40.786570000000005,-73.92923,88.845,51080.547
40.78607,-73.92958,62.924,51143.47
40.78564,-73.92975000000001,49.91,51193.38
40.78544,-73.92981,22.805,51216.186
40.784960000000005,-73.92988000000001,53.698,51269.884
40.784580000000005,-73.92985,42.329,51312.213
40.78405,-73.92971,60.101,51372.314
40.78381,-73.92958,28.844,51401.158
40.783370000000005,-73.92931,53.949,51455.107
40.78338,-73.92931,1.112,51456.219
40.78305,-73.92904,43.165,51499.384
40.783,-73.929,6.5,51505.885
40.782990000000005,-73.92904,3.547,51509.431
40.782970000000006,-73.92901,3.365,51512.797
40.78244333468317,-73.92861332703632,67.417,51580.213
40.78191666800807,-73.92821666036339,67.417,51647.63
40.78139,-73.92782000000001,67.417,51715.047
40.78136000000001,-73.92775,6.772,51721.819
40.781330000000004,-73.92778000000001,4.184,51726.003
40.78068200432432,-73.9272799804953,83.452,51809.455
40.78003400649047,-73.92677997074648,83.452,51892.907
40.779386006498534,-73.92627997075316,83.452,51976.359
40.778738004348625,-73.92577998051496,83.452,52059.811
40.778090000000006,-73.92528,83.452,52143.263
40.77803,-73.92523,7.889,52151.152
40.77801,-73.92523,2.224,52153.376
40.77725000149913,-73.9246499934006,97.605,52250.981
40.77649,-73.92407,97.605,52348.586
40.776500000000006,-73.92406000000001,1.395,52349.981
40.776430000000005,-73.92399,9.764,52359.744
40.776140000000005,-73.92376,37.615,52397.36
40.776120000000006,-73.9238,4.036,52401.396
40.77610000000001,-73.92378000000001,2.79,52404.185
40.77548000090333,-73.92331499563802,79.284,52483.47
40.774860000000004,-73.92285000000001,79.284,52562.754
40.77460000000001,-73.92263000000001,34.337,52597.091
40.774010000000004,-73.92201,83.843,52680.934
40.77378,-73.92171,35.948,52716.882
40.7733300035299,-73.92107665818267,73.13,52790.012
40.77288000359743,-73.92044332494449,73.13,52863.143
40.77243,-73.91981000000001,73.13,52936.273
40.77228,-73.91957000000001,26.204,52962.477
40.7723,-73.91955,2.79,52965.267
40.772360000000006,-73.91964,10.097,52975.364
40.77237,-73.91961,2.76,52978.124
40.772510000000004,-73.91944000000001,21.149,52999.273
40.77203,-73.91878000000001,77.056,53076.329
40.77158,-73.91811000000001,75.413,53151.741
40.77096,-73.91726000000001,99.38,53251.121
40.77065,-73.91677,53.767,53304.888
40.770540000000004,-73.91653000000001,23.624,53328.512
40.770520000000005,-73.91645000000001,7.094,53335.606
40.77044,-73.91624,19.796,53355.402
40.77035,-73.91583,35.948,53391.35
40.77017334402631,-73.91471666070802,95.792,53487.142
40.76999667735348,-73.91360332733599,95.792,53582.934
40.76982,-73.91249,95.792,53678.726
40.769690000000004,-73.91137,95.419,53774.145
40.76954500314286,-73.9105149980628,73.785,53847.93
40.769400000000005,-73.90966,73.785,53921.715
40.769240013667336,-73.90863249256458,88.339,54010.054
40.76908001822166,-73.907604990077,88.339,54098.393
40.768920013663056,-73.90657749253748,88.339,54186.732
40.76876,-73.90555,88.339,54275.071
40.76869000000001,-73.9056,8.85,54283.921
40.768620000000006,-73.90508000000001,44.478,54328.398
40.76876,-73.90494000000001,19.528,54347.926
40.768570000000004,-73.90464,32.934,54380.86
40.76861,-73.90458000000001,6.732,54387.592
40.768570000000004,-73.90450000000001,8.073,54395.664
40.76825,-73.90405000000001,51.983,54447.647
40.76822000000001,-73.90381000000001,20.485,54468.132
40.768190000000004,-73.90377000000001,4.741,54472.873
40.76802,-73.90285,79.75,54552.623
40.767990000000005,-73.90255,25.484,54578.107
40.76782000427502,-73.90155499746788,85.899,54664.006
40.76765,-73.90056000000001,85.899,54749.906
40.767535002345475,-73.8998249988174,63.205,54813.111
40.76742,-73.89909,63.205,54876.316
40.76737000000001,-73.89881000000001,24.227,54900.543
40.76725500333653,-73.89792999843421,75.205,54975.748
40.767140000000005,-73.89705000000001,75.205,55050.953
40.76699,-73.89605,85.852,55136.804
40.766870000000004,-73.89538,57.981,55194.785
40.766850000000005,-73.89496000000001,35.441,55230.226
40.76685000349578,-73.89405999993049,75.794,55306.02
40.766850000000005,-73.89316000000001,75.794,55381.814
40.76679,-73.89221,80.283,55462.097
40.76672000000001,-73.8917,43.65,55505.747
40.7667,-73.89119000000001,43.008,55548.755
40.76671,-73.89061000000001,48.858,55597.613
40.766825001941015,-73.88993500131696,58.266,55655.879
40.766940000000005,-73.88926000000001,58.266,55714.146
40.767085001775435,-73.8886250012314,55.855,55770.001
40.767230000000005,-73.88799,55.855,55825.855
40.76733,-73.88769,27.603,55853.459
40.76706,-73.88762000000001,30.596,55884.055
40.766650000000006,-73.8875,46.697,55930.751
40.76655,-73.88745,11.89,55942.641
40.766360000000006,-73.8874,21.543,55964.184
40.76656667472126,-73.88643333939754,84.59,56048.774
40.76677334137688,-73.88546667278267,84.59,56133.364
40.766980000000004,-73.8845,84.59,56217.955
40.76713,-73.88452000000001,16.764,56234.719
40.76728000000001,-73.88372000000001,69.406,56304.125
40.767630000000004,-73.88379,39.362,56343.487
40.76766000000001,-73.88366,11.445,56354.932
40.767950000000006,-73.88297,66.456,56421.388
40.768280000000004,-73.88226,70.154,56491.542
40.76874,-73.88136,91.437,56582.98
40.76901500107257,-73.88089000174135,50.016,56632.996
40.769290000000005,-73.88042,50.016,56683.013
40.769290000000005,-73.88037,4.211,56687.223
40.769400000000005,-73.8802,18.83,56706.053
40.769420000000004,-73.8802,2.224,56708.277
40.76959,-73.87985,35.015,56743.292
40.76975,-73.87949,35.151,56778.444
40.76991,-73.87899,45.711,56824.154
40.770010000000006,-73.87841,50.093,56874.247
40.77011667600165,-73.8773700033493,88.38,56962.627
40.77022334266728,-73.87633000335948,88.38,57051.007
40.77033,-73.87529,88.38,57139.386
40.770450000000004,-73.87433,81.937,57221.323
40.77053,-73.87385,41.389,57262.712
40.77078,-73.87299,77.574,57340.286
40.770830000000004,-73.87277,19.343,57359.628
40.77085,-73.87249,23.684,57383.312
40.77084000000001,-73.87219,25.288,57408.6
40.77076,-73.87183,31.594,57440.194
40.770680000000006,-73.87164,18.307,57458.501
40.77021500261056,-73.87085999451607,83.594,57542.095
40.76975,-73.87008,83.594,57625.689
40.76979,-73.87004,5.579,57631.269
40.7697,-73.8699,15.464,57646.733
40.76944,-73.86959,38.953,57685.686
40.76934000000001,-73.86954,11.89,57697.576
40.76923,-73.86952000000001,12.347,57709.923
40.76912,-73.86944000000001,13.964,57723.887
40.76901,-73.86927,18.83,57742.717
40.768980000000006,-73.86918,8.281,57750.998
40.768950000000004,-73.869,15.521,57766.519
40.76896,-73.86886000000001,11.842,57778.361
40.768910000000005,-73.86869,15.358,57793.719
40.76878000000001,-73.86866,14.674,57808.394
40.76876,-73.86852,11.998,57820.391
40.768530000000005,-73.86811,42.968,57863.359
40.76810500211371,-73.86742499576191,74.573,57937.932
40.767680000000006,-73.86674000000001,74.573,58012.504
40.76728000194723,-73.86606499590475,72.178,58084.683
40.76688,-73.86539,72.178,58156.861
40.766650000000006,-73.86512,34.221,58191.082
40.76600750500183,-73.864499982042,88.49,58279.572
40.765365006685585,-73.86387997607227,88.49,58368.062
40.764722505051395,-73.86325998209038,88.49,58456.552
40.76408,-73.86264,88.49,58545.042
40.76389,-73.86247,25.521,58570.564
40.763540000000006,-73.86224,43.472,58614.036
40.763200000000005,-73.86211,39.36,58653.396
40.76263,-73.86171,71.778,58725.174
40.76252,-73.86165000000001,13.234,58738.408
40.762190000000004,-73.86141,41.893,58780.301
40.761800000456354,-73.86104999779266,52.914,58833.216
40.761410000000005,-73.86069,52.914,58886.13
40.760850000000005,-73.86122,76.616,58962.746
40.760510000000004,-73.8615,44.558,59007.304
40.760400000000004,-73.86159,14.39,59021.694
40.76037,-73.86158,3.441,59025.135
40.760176671872735,-73.86080332881382,68.856,59093.991
40.75998333853898,-73.86002666214549,68.856,59162.847
40.75979,-73.85925,68.856,59231.704
40.759550000000004,-73.85819000000001,93.182,59324.886
40.75942500159242,-73.85756999850425,54.038,59378.924
40.7593,-73.85695000000001,54.038,59432.962
40.759190000000004,-73.85664000000001,28.833,59461.794
40.75907,-73.85639,24.928,59486.723
40.758660000000006,-73.85593,59.829,59546.552
40.758480000000006,-73.85575,25.109,59571.661
40.758390000000006,-73.85572,10.322,59581.982
40.7582,-73.85567,21.543,59603.525
40.757770000038256,-73.85545499852867,51.128,59654.653
40.757340000000006,-73.85524000000001,51.128,59705.782
40.757270000000005,-73.85515000000001,10.865,59716.647
40.757180000000005,-73.85508,11.615,59728.262
40.756640000000004,-73.85482,63.914,59792.176
40.75600000145322,-73.85448499032529,76.555,59868.731
40.755360001937795,-73.85414998710066,76.555,59945.286
40.75472000145375,-73.85381499032584,76.555,60021.84
40.75408,-73.85348,76.555,60098.395
40.75326000076971,-73.85306999496554,97.501,60195.896
40.75244,-73.85266,97.501,60293.397
40.752730003935405,-73.85170000432531,87.057,60380.454
40.75302000000001,-73.85074,87.057,60467.511
40.752950000000006,-73.85053,19.326,60486.837
40.752810000000004,-73.85069,20.591,60507.428
40.752700000000004,-73.85079,14.851,60522.279
40.7526,-73.85082000000001,11.403,60533.682
40.7524,-73.85072000000001,23.781,60557.463
40.752230000000004,-73.85072000000001,18.903,60576.366
40.75207,-73.85064000000001,19.025,60595.391
40.75188,-73.85056,22.176,60617.567
40.7513,-73.85021,70.912,60688.479
40.75106,-73.84997,33.48,60721.959
40.75088,-73.84984,22.815,60744.774
40.75081,-73.84985,7.829,60752.603
40.750730000000004,-73.84984,8.935,60761.538
40.750640000000004,-73.84988000000001,10.56,60772.098
40.750490000000006,-73.84972,21.444,60793.542
40.75038,-73.84962,14.851,60808.393
40.75027,-73.84948,16.991,60825.384
40.75021,-73.84931,15.798,60841.182
40.75011000000001,-73.84926,11.89,60853.073
40.75001,-73.84931,11.89,60864.963
40.749550000000006,-73.84908,54.696,60919.659
40.74927,-73.8489,34.631,60954.29
40.74891,-73.84871000000001,43.111,60997.401
40.748540000000006,-73.84855,43.294,61040.695
40.74841,-73.84854,14.48,61055.175
40.748290000000004,-73.84854,13.343,61068.518
40.74795,-73.84851,37.891,61106.409
40.74763,-73.84840000000001,36.769,61143.178
40.747580000000006,-73.84832,8.737,61151.915
40.74752,-73.84805,23.703,61175.618
40.74761,-73.84772000000001,29.546,61205.164
40.74756,-73.84771,5.623,61210.787
40.747710000000005,-73.84721,45.302,61256.089
40.74700600249007,-73.84682998390795,84.574,61340.663
40.74630200373379,-73.8464499758616,84.574,61425.237
40.745598003731224,-73.84606997586062,84.574,61509.811
40.744894002482404,-73.8456899839046,84.574,61594.384
40.74419,-73.84531000000001,84.574,61678.958
40.74416,-73.84543000000001,10.646,61689.604
40.74353000053859,-73.84511499707146,74.911,61764.515
40.742900000000006,-73.8448,74.911,61839.425
40.74284,-73.84426,45.98,61885.405
40.742760000000004,-73.84337000000001,75.505,61960.91
40.742360000000005,-73.84289000000001,60.113,62021.023
40.74169333447535,-73.84252665938489,80.201,62101.224
40.74102666781136,-73.84216332605311,80.201,62181.426
40.74036,-73.8418,80.201,62261.627
40.74036,-73.84166,11.795,62273.422
40.74035000000001,-73.84161,4.357,62277.779
40.74029,-73.84148,12.824,62290.603
40.7402,-73.84141000000001,11.616,62302.219
40.74027,-73.84084,48.649,62350.868
40.740260000000006,-73.84059,21.092,62371.96
40.74024,-73.84039,16.996,62388.956
40.740140000000004,-73.83999,35.487,62424.443
40.74004,-73.83976000000001,22.341,62446.784
40.73978,-73.83938,43.137,62489.921
40.739450000000005,-73.83904000000001,46.551,62536.472
40.73917,-73.83878,38.068,62574.541
40.73913,-73.83869,8.791,62583.332
40.73912000000001,-73.83851,15.206,62598.537
40.73861,-73.83825,60.793,62659.331
40.73839,-73.8382,24.823,62684.154
40.738330000000005,-73.8382,6.672,62690.825
40.73814,-73.8383,22.745,62713.57
40.7379,-73.83852,32.492,62746.063
40.73771,-73.8386,22.176,62768.239
40.73765,-73.83857,7.134,62775.373
40.73724,-73.8383,50.95,62826.323
40.73704,-73.83823000000001,23.008,62849.331
40.736850000000004,-73.83824,21.144,62870.475
40.73655,-73.83829,33.623,62904.098
40.736380000000004,-73.83825,19.201,62923.3
40.73617,-73.83824,23.366,62946.666
40.73592,-73.83816,28.604,62975.27
40.735850000000006,-73.83816,7.784,62983.054
40.735240000180035,-73.83841000232897,71.024,63054.078
40.73463,-73.83866,71.024,63125.102
40.734080000000006,-73.83878,61.987,63187.09
40.733520000000006,-73.83878,62.269,63249.359
40.733230000000006,-73.83866,33.795,63283.153
40.733050000000006,-73.83852,23.233,63306.386
40.73265000000001,-73.83806000000001,58.996,63365.382
40.73243,-73.83784,30.693,63396.075
40.73232,-73.83775,14.392,63410.467
40.73198,-73.83757,40.735,63451.202
40.73181,-73.8374,23.717,63474.919
40.731700000000004,-73.83722,19.484,63494.404
40.731500000000004,-73.83654,61.462,63555.865
40.73133,-73.83614,38.643,63594.509
40.73111,-73.8357,44.418,63638.927
40.730880000000006,-73.83537000000001,37.779,63676.706
40.7306,-73.83503,42.31,63719.016
40.730250000000005,-73.83475,45.511,63764.527
40.72999,-73.83458,32.265,63796.792
40.72956500005237,-73.83438499870333,50.033,63846.825
40.72914,-73.83419,50.033,63896.858
40.72908,-73.83408,11.42,63908.278
40.72899,-73.83409,10.043,63918.321
40.728500000000004,-73.83435,58.725,63977.047
40.72768000000001,-73.8348,98.75,64075.797
40.72757,-73.83489,14.392,64090.189
40.727520000000005,-73.83484,6.976,64097.165
40.72742,-73.83495,14.476,64111.641
40.727340000000005,-73.8352,22.868,64134.509
40.72731,-73.83545000000001,21.329,64155.838
40.72721000000001,-73.83561,17.476,64173.314
40.72700000182631,-73.83628000246726,61.097,64234.411
40.72679,-73.83695,61.097,64295.508
40.726800000000004,-73.83709,11.85,64307.358
40.72674000000001,-73.83722,12.826,64320.184
40.72645835246343,-73.83816168659635,85.31,64405.494
40.72617669727431,-73.83910336522203,85.31,64490.803
40.725895034432774,-73.84004503587693,85.31,64576.113
40.725613363938976,-73.84098669856098,85.31,64661.422
40.725331685793044,-73.84192835327413,85.31,64746.732
40.72505,-73.84287,85.31,64832.041
40.72438666760162,-73.84253332660056,79.028,64911.069
40.72372333422511,-73.84219665991209,79.028,64990.096
40.723060000000004,-73.84186000000001,79.027,65069.124
40.722370000000005,-73.84150000000001,82.505,65151.629
40.722300000000004,-73.84144,9.282,65160.91
40.7216666675805,-73.84112332733145,75.31,65236.221
40.72103333429563,-73.84080666068908,75.31,65311.531
40.720400000000005,-73.84049,75.31,65386.841
40.720380000000006,-73.84057,7.099,65393.941
40.72032,-73.84054,7.135,65401.075
40.720240000000004,-73.84058,9.513,65410.588
40.719910000000006,-73.83983,73.086,65483.674
40.71985,-73.83973,10.749,65494.423
40.71947,-73.84002000000001,48.813,65543.236
40.718700000000005,-73.84048,93.988,65637.224
40.71838,-73.84070000000001,40.123,65677.347
40.718360000000004,-73.84070000000001,2.224,65679.571
40.718250000000005,-73.8405,20.826,65700.397
40.71768,-73.84089,71.397,65771.793
40.717400000000005,-73.84104,33.603,65805.397
40.71683500051694,-73.84140000308221,69.768,65875.164
40.71627,-73.84176000000001,69.768,65944.932
40.71598,-73.84124,54.411,65999.343
40.71578,-73.84093,34.31,66033.653
40.71542,-73.84048,55.144,66088.797
40.714870000000005,-73.83986,80.441,66169.238
40.71434,-73.83940000000001,70.542,66239.78
40.713710000000006,-73.83893,80.477,66320.257
40.713370000000005,-73.83869,42.878,66363.135
40.713210000000004,-73.83862,18.744,66381.879
40.713170000000005,-73.83861,4.527,66386.406
40.713010000000004,-73.83848,20.895,66407.3
40.712900000000005,-73.83834,16.995,66424.296
40.712810000000005,-73.83815000000001,18.884,66443.18
40.7126,-73.83748,61.108,66504.288
40.712250000000004,-73.83659,84.508,66588.796
40.712210000000006,-73.83655,5.581,66594.377
40.71215,-73.83662000000001,8.906,66603.284
40.711890000000004,-73.83622000000001,44.413,66647.696
40.711830000000006,-73.83629,8.906,66656.602
40.71161,-73.83603000000001,32.843,66689.446
40.71141,-73.83584,27.405,66716.851
40.711130000000004,-73.83619,42.891,66759.741
40.71097,-73.83629,19.687,66779.428
40.710840000000005,-73.83641,17.643,66797.071
40.71068,-73.83663,25.698,66822.768
40.710530000000006,-73.83694000000001,30.999,66853.767
40.71023,-73.83762,66.316,66920.084
40.710010000000004,-73.83802,41.655,66961.739
40.709830000000004,-73.83824,27.285,66989.023
40.709590000000006,-73.83847,32.985,67022.009
40.709320000000005,-73.83866,34.027,67056.036
40.708980000000004,-73.83887,41.745,67097.78
40.708560000000006,-73.83902,48.383,67146.163
40.708270000000006,-73.8391,32.944,67179.107
40.70743,-73.83896,94.146,67273.254
40.707190000000004,-73.83895000000001,26.7,67299.954
40.70653,-73.83900000000001,73.51,67373.463
40.70637000000001,-73.83896,18.108,67391.571
40.70619000000001,-73.83887,21.405,67412.976
40.705685000575,-73.83847499692807,65.283,67478.258
40.705180000000006,-73.83808,65.283,67543.541
40.705040000000004,-73.83798,17.703,67561.244
40.70477,-73.83788000000001,31.184,67592.428
40.70467,-73.83785,11.403,67603.831
40.70456,-73.83788000000001,12.49,67616.321
40.70445,-73.83793,12.937,67629.258
40.704370000000004,-73.83798,9.844,67639.102
40.70427,-73.83812,16.215,67655.317
40.704190000000004,-73.83829,16.867,67672.183
40.704150000000006,-73.83847,15.812,67687.995
40.704080000000005,-73.83919,61.19,67749.185
40.70403,-73.83933,13.045,67762.23
40.703970000000005,-73.83944000000001,11.423,67773.654
40.70391,-73.83951,8.907,67782.56
40.703570000000006,-73.83976000000001,43.283,67825.843
40.70306,-73.84009,63.165,67889.008
40.70290000000001,-73.84027,23.383,67912.391
40.70284,-73.84053,22.91,67935.301
40.702830000000006,-73.84139,72.504,68007.805
40.70264,-73.84229,78.754,68086.56
40.702160000000006,-73.84201,58.36,68144.919
40.70203,-73.84197,14.843,68159.763
40.70172,-73.84200000000001,34.563,68194.326
40.701190000000004,-73.84179,61.535,68255.86
40.701190000000004,-73.84154000000001,21.075,68276.935
40.70114,-73.84134,17.753,68294.688
40.70102251502492,-73.84026249428102,91.768,68386.456
40.70090502003193,-73.83918499236317,91.768,68478.223
40.700787515021126,-73.83810749424671,91.768,68569.991
40.70067,-73.83703000000001,91.768,68661.759
40.700540000000004,-73.83606,83.039,68744.797
40.70042751495514,-73.83498499453498,91.482,68836.28
40.70031501993885,-73.83390999270078,91.482,68927.762
40.7002025149512,-73.8328349944977,91.482,69019.244
40.70009,-73.83176,91.482,69110.726
40.70002,-73.83117,50.343,69161.069
40.70006,-73.83103000000001,12.612,69173.681
40.699920000000006,-73.83098000000001,16.128,69189.809
40.699250000000006,-73.83067000000001,78.951,69268.76
40.69858666756776,-73.83033999340886,78.831,69347.591
40.697923334195856,-73.83000999338977,78.831,69426.423
40.69726,-73.82968000000001,78.831,69505.254
40.69651500050244,-73.82931999594685,88.225,69593.479
40.69577,-73.82896000000001,88.225,69681.704
40.69507000047525,-73.82861499635634,83.093,69764.797
40.694370000000006,-73.82827,83.093,69847.89
40.694160000000004,-73.82818,24.553,69872.443
40.69391,-73.82805,29.881,69902.325
40.69323750141535,-73.82771748992437,79.86,69982.185
40.69256500187674,-73.8273849865609,79.86,70062.045
40.69189250138425,-73.8270524899093,79.86,70141.906
40.69122,-73.82672000000001,79.86,70221.766
40.69049143184535,-73.82636426237839,86.387,70308.153
40.68976286259884,-73.82600853253578,86.387,70394.54
40.68903429226054,-73.82565281047181,86.387,70480.927
40.68830572083047,-73.82529709618613,86.387,70567.314
40.68757714830872,-73.82494138967839,86.387,70653.701
40.686848574695304,-73.82458569094823,86.387,70740.088
40.68612,-73.82423,86.387,70826.475
40.68528000074084,-73.82380999469638,99.892,70926.367
40.68444,-73.82339,99.892,71026.259
40.6843,-73.82334,16.128,71042.387
40.68351143242024,-73.82295425833301,93.523,71135.91
40.682722863556734,-73.82256852579353,93.523,71229.433
40.68193429340953,-73.82218280238109,93.523,71322.956
40.68114572197872,-73.82179708809525,93.523,71416.479
40.68035714926434,-73.82141138293557,93.523,71510.002
40.67956857526648,-73.82102568690155,93.523,71603.525
40.67878,-73.82064000000001,93.523,71697.048
40.67816000078399,-73.82033332761559,73.632,71770.68
40.67754000075659,-73.82002666093545,73.632,71844.312
40.67692,-73.81972,73.632,71917.943
40.676280000000006,-73.81939000000001,76.413,71994.356
40.67615,-73.81936,14.675,72009.031
40.67602,-73.81930000000001,15.315,72024.346
40.67515000027703,-73.81958500374304,99.681,72124.027
40.67428,-73.81987000000001,99.681,72223.707
40.67419,-73.81988000000001,10.043,72233.75
40.67356333360457,-73.82008333718326,71.761,72305.512
40.672936666852436,-73.82028667054426,71.761,72377.273
40.67231,-73.82049,71.761,72449.034
40.67145143037569,-73.82075430613254,98.036,72547.07
40.67059286014871,-73.82101860545873,98.036,72645.106
40.669734289319095,-73.82128289797895,98.036,72743.143
40.668875717886884,-73.82154718369358,98.036,72841.179
40.668017145852126,-73.82181146260298,98.036,72939.215
40.667158573214834,-73.82207573470757,98.036,73037.252
40.66630000000001,-73.82234000000001,98.036,73135.288
40.66628,-73.82236,2.791,73138.079
40.66619,-73.8224,10.561,73148.64
40.66602,-73.82243000000001,19.072,73167.712
40.66546,-73.82258,63.541,73231.253
40.66493000007028,-73.82274500132587,60.554,73291.808
40.6644,-73.82291000000001,60.554,73352.362
40.66357,-73.82321,95.698,73448.06
